{
  "createdAt": "2026-01-14T20:56:59.613858+00:00",
  "python": "3.10.19 (main, Oct  9 2025, 15:25:03) [Clang 17.0.0 (clang-1700.3.19.1)]",
  "sampleCount": 400,
  "timbre": {
    "a": [
      0.16413377905646034,
      1.9806737002057533,
      2.373707605256884,
      2.3576731990794446,
      2.0275518822080287,
      2.364551146343264,
      2.180965906665006,
      2.059004199251062,
      1.622542720610761,
      1.6699694954297786,
      1.740038611245349,
      1.4064595133422249
    ],
    "b": [
      28.591869857786744,
      37.15544348600518,
      -13.14947925011312,
      27.77439345327198,
      24.959261551152828,
      -7.266306415095752,
      -0.840460937191863,
      12.565820523276892,
      -1.2327423259354884,
      9.840362069811485,
      -4.106168060627637,
      7.408662181013245
    ]
  },
  "loudness": {
    "start": {
      "a": 0.7454562142007396,
      "b": -9.267601137786093
    },
    "max": {
      "a": 0.7522178326284855,
      "b": -2.4475546329027065
    }
  },
  "confidence": {
    "source": [
      0.0,
      0.0609626364417129,
      0.07565865096960415,
      0.08623419843169788,
      0.09476939556594845,
      0.10189591908492272,
      0.10891501376378497,
      0.11530540145553105,
      0.12144625134014264,
      0.12723671599107042,
      0.1328464554571583,
      0.13840076334154247,
      0.14368838404710563,
      0.1490779103888414,
      0.15438771006664812,
      0.15980177026222364,
      0.16521248345678388,
      0.1705794644619688,
      0.1761271245082099,
      0.18163722875363153,
      0.18738063258760043,
      0.19298089008916203,
      0.1989014633013065,
      0.20478907047212425,
      0.21082598287232127,
      0.21689045617803926,
      0.22334163593183856,
      0.2294747587333599,
      0.23606745006763352,
      0.24266020401105184,
      0.24908269410430955,
      0.25579004347229173,
      0.2625185895371825,
      0.2691837886098002,
      0.276024030623475,
      0.2829508488927539,
      0.2895862085991474,
      0.2964023688533924,
      0.30321205305614685,
      0.3098346364496259,
      0.31623334470433245,
      0.3224886439337724,
      0.32894553102679647,
      0.3353017492178582,
      0.3414291325799517,
      0.3475038508611958,
      0.35381358361115256,
      0.359687859604989,
      0.36554493789129777,
      0.3715148459715141,
      0.37713530177334487,
      0.38258141558225367,
      0.388300029234615,
      0.39388973898905183,
      0.3997066022237929,
      0.4051716270978746,
      0.4105513293686617,
      0.4161540663242832,
      0.42161547976377844,
      0.427410676441978,
      0.43289063619804397,
      0.4382722521081102,
      0.4440772950078138,
      0.44978596250495,
      0.4556156745741918,
      0.4614113008676721,
      0.4670998408378073,
      0.4729109232735666,
      0.4788908977198286,
      0.484822326499793,
      0.4906945560095519,
      0.4965489790061937,
      0.5024663518270424,
      0.508266099259723,
      0.5142277358636674,
      0.5203225887682321,
      0.5263709290811268,
      0.5324902623441429,
      0.5388444221271173,
      0.5449442512989898,
      0.5513706617673862,
      0.5579887046210119,
      0.5647307595320531,
      0.5716773309369659,
      0.5788391601773069,
      0.5862236892495936,
      0.5940729149523766,
      0.601775724753651,
      0.6100634290858671,
      0.6190432452136827,
      0.6282089827045998,
      0.6379752435821476,
      0.6488460681464098,
      0.6604315655579659,
      0.6729256366101357,
      0.6874257465607754,
      0.7043606756366054,
      0.7249069654986271,
      0.7522813918585322,
      0.795476924452559,
      1.0
    ],
    "target": [
      0.0,
      0.019,
      0.035,
      0.05,
      0.064,
      0.078,
      0.091,
      0.104,
      0.117,
      0.13,
      0.142,
      0.154,
      0.166,
      0.178,
      0.19,
      0.201,
      0.212,
      0.224,
      0.235,
      0.247,
      0.258,
      0.269,
      0.28,
      0.291,
      0.302,
      0.312,
      0.323,
      0.334,
      0.345,
      0.355,
      0.366,
      0.377,
      0.388,
      0.398,
      0.409,
      0.42,
      0.431,
      0.442,
      0.452,
      0.463,
      0.473,
      0.484,
      0.495,
      0.505,
      0.516,
      0.526,
      0.537,
      0.547,
      0.558,
      0.568,
      0.579,
      0.589,
      0.6,
      0.61,
      0.62,
      0.631,
      0.641,
      0.652,
      0.662,
      0.673,
      0.683,
      0.694,
      0.704,
      0.715,
      0.725,
      0.736,
      0.746,
      0.757,
      0.768,
      0.778,
      0.789,
      0.8,
      0.811,
      0.821,
      0.832,
      0.843,
      0.854,
      0.866,
      0.877,
      0.888,
      0.9,
      0.912,
      0.924,
      0.937,
      0.949,
      0.962,
      0.976,
      0.99,
      1.0,
      1.0,
      1.0,
      1.0,
      1.0,
      1.0,
      1.0,
      1.0,
      1.0,
      1.0,
      1.0,
      1.0,
      1.0
    ]
  },
  "pitch": {
    "power": 0.7,
    "weights": [
      1.071031659839224,
      1.4024835232934818,
      0.9842257087867935,
      0.7728321347969611,
      1.1561464865401239,
      0.7897898460451546,
      1.1346181329393128,
      0.9724091293954094,
      0.9414866946425904,
      1.065716718070037,
      0.6992617800045164,
      1.009998185646398
    ],
    "normalize": "l1"
  },
  "config": {
    "segmentation": {
      "min_segment_duration": 0.25,
      "novelty_smoothing": 8,
      "peak_threshold": 0.3,
      "peak_prominence": 0.2,
      "max_segments_per_second": 2.5,
      "beat_snap_tolerance": 0.12
    },
    "features": {
      "sample_rate": 44100,
      "frame_size": 2048,
      "hop_size": 512
    },
    "tatums_per_beat": 2,
    "time_signature": 4
  }
}