{
  "createdAt": "2026-01-14T20:08:30.011537+00:00",
  "python": "3.10.19 (main, Oct  9 2025, 15:25:03) [Clang 17.0.0 (clang-1700.3.19.1)]",
  "sampleCount": 400,
  "timbre": {
    "a": [
      0.15684494160574078,
      2.0665597175638664,
      2.5036294238962484,
      2.7354171179576303,
      2.039235952544071,
      2.381971010369868,
      2.2406922910573575,
      2.179330283450934,
      1.7739694925972311,
      1.908860379336517,
      2.1201187535930393,
      1.7199864905181574
    ],
    "b": [
      22.61843191452215,
      19.275233047029584,
      -48.673509676094255,
      -3.3886608704425765,
      18.39843820964311,
      -19.927714006465415,
      -13.40228384975488,
      5.777136083330213,
      -11.864460835511196,
      3.6884296770921505,
      -11.744001713405176,
      2.6494457137512546
    ]
  },
  "loudness": {
    "start": {
      "a": 0.7409296377526069,
      "b": -9.069110486733921
    },
    "max": {
      "a": 0.7316647516659291,
      "b": -2.9573558951778587
    }
  },
  "confidence": {
    "source": [
      0.0,
      0.07459267668618637,
      0.09136306463810774,
      0.10294704235311512,
      0.11265419572800167,
      0.12122114162277324,
      0.1289435439980643,
      0.1362092068326166,
      0.1430606545853362,
      0.15003854339315004,
      0.15677324103965634,
      0.1633863477806702,
      0.16997300806105825,
      0.1763672077858616,
      0.18261381664941043,
      0.18880067010484428,
      0.1949758162120653,
      0.20116263821215502,
      0.207473904890274,
      0.21388709309255782,
      0.22024476101223187,
      0.22650963427810197,
      0.23273591947998037,
      0.23921375828369304,
      0.2455927664061662,
      0.2519376913711958,
      0.2584007558373585,
      0.26481432020672807,
      0.2715147513621315,
      0.2778273033851828,
      0.28408338834267544,
      0.2901235189889176,
      0.2964193057554121,
      0.30229936194454027,
      0.30832024248667045,
      0.31440548741880636,
      0.3203606953104394,
      0.3262383240627513,
      0.3322293626046201,
      0.33772255863727535,
      0.34331082805595897,
      0.348858029874809,
      0.3543060972049341,
      0.35977113313397974,
      0.36508461589390045,
      0.37059137569624634,
      0.3760147964062431,
      0.38110789606492274,
      0.3861724781278148,
      0.3912436983341036,
      0.39622955322884573,
      0.4011865545668105,
      0.40604378794508206,
      0.4108565028551723,
      0.41569110967438466,
      0.42054169702682187,
      0.42550295551937056,
      0.4304266886709463,
      0.43524887502064374,
      0.43997689025440273,
      0.44466536989603195,
      0.4494274070386782,
      0.45395266891664804,
      0.4587080969912656,
      0.46356275018431914,
      0.46823156678115013,
      0.4731048045355826,
      0.4779396099813766,
      0.48261285170507007,
      0.4875604180564888,
      0.49252323188562813,
      0.4974612273407453,
      0.5024445062209482,
      0.5075406718605217,
      0.5125653805619186,
      0.5177242196334453,
      0.5231826253786387,
      0.5285252147663966,
      0.5341208157054395,
      0.5396785337655113,
      0.54559021922024,
      0.5515384549252531,
      0.5575942554202751,
      0.5638552023649883,
      0.5702189990717089,
      0.576839704569779,
      0.5838311982680336,
      0.5912140775650719,
      0.5989469737878227,
      0.6070175123390052,
      0.6156597083674458,
      0.6245993700141642,
      0.6349327617292763,
      0.6459271930401244,
      0.6582461695251212,
      0.6717830196099387,
      0.6883595369071858,
      0.7077232305283009,
      0.7335619985673195,
      0.774835434038097,
      1.0
    ],
    "target": [
      0.0,
      0.019,
      0.035,
      0.05,
      0.064,
      0.078,
      0.091,
      0.104,
      0.117,
      0.13,
      0.142,
      0.154,
      0.166,
      0.178,
      0.19,
      0.201,
      0.212,
      0.224,
      0.235,
      0.247,
      0.258,
      0.269,
      0.28,
      0.291,
      0.302,
      0.312,
      0.323,
      0.334,
      0.345,
      0.355,
      0.366,
      0.377,
      0.388,
      0.398,
      0.409,
      0.42,
      0.431,
      0.442,
      0.452,
      0.463,
      0.473,
      0.484,
      0.495,
      0.505,
      0.516,
      0.526,
      0.537,
      0.547,
      0.558,
      0.568,
      0.579,
      0.589,
      0.6,
      0.61,
      0.62,
      0.631,
      0.641,
      0.652,
      0.662,
      0.673,
      0.683,
      0.694,
      0.704,
      0.715,
      0.725,
      0.736,
      0.746,
      0.757,
      0.768,
      0.778,
      0.789,
      0.8,
      0.811,
      0.821,
      0.832,
      0.843,
      0.854,
      0.866,
      0.877,
      0.888,
      0.9,
      0.912,
      0.924,
      0.937,
      0.949,
      0.962,
      0.976,
      0.99,
      1.0,
      1.0,
      1.0,
      1.0,
      1.0,
      1.0,
      1.0,
      1.0,
      1.0,
      1.0,
      1.0,
      1.0,
      1.0
    ]
  },
  "pitch": {
    "power": 0.7,
    "weights": [
      1.1723065455982042,
      1.4685895023264393,
      1.010185466650372,
      0.748565435254123,
      1.0593970268043686,
      0.7950648808842314,
      1.0841601133251346,
      0.9270738533109684,
      0.911719353735302,
      1.0237420242467745,
      0.7494953371447729,
      1.049700460719309
    ],
    "normalize": "l1"
  },
  "config": {
    "segmentation": {
      "min_segment_duration": 0.25,
      "novelty_smoothing": 8,
      "peak_threshold": 0.3,
      "peak_prominence": 0.2,
      "max_segments_per_second": 2.5,
      "beat_snap_tolerance": 0.12
    },
    "features": {
      "sample_rate": 44100,
      "frame_size": 2048,
      "hop_size": 512
    },
    "tatums_per_beat": 2,
    "time_signature": 4
  }
}