{
  "createdAt": "2026-01-11T20:20:09.949122+00:00",
  "python": "3.10.19 (main, Oct  9 2025, 15:25:03) [Clang 17.0.0 (clang-1700.0.13.3)]",
  "sampleCount": 400,
  "timbre": {
    "a": [
      0.15515622750543248,
      2.0902533589678547,
      2.539995900282538,
      2.7937912424139655,
      2.089729940086715,
      2.432787679473763,
      2.2864287415897895,
      2.216147961855853,
      1.8014838193177336,
      1.9370408050928558,
      2.150316039193739,
      1.7414308230245135
    ],
    "b": [
      22.996895369516633,
      20.12043888298946,
      -47.81137345015121,
      -1.9727337880634648,
      19.139510996099183,
      -18.75720693912757,
      -12.622329508963622,
      6.49311759657525,
      -11.495283743764896,
      4.1581750175529635,
      -11.445193779107626,
      2.816601670510482
    ]
  },
  "loudness": {
    "start": {
      "a": 0.7409018446831029,
      "b": -9.0580469180621
    },
    "max": {
      "a": 0.7322125427697885,
      "b": -2.9503477552461277
    }
  },
  "confidence": {
    "source": [
      0.0,
      0.07477499422546671,
      0.09144554154660803,
      0.10297397573118765,
      0.11261957961870234,
      0.12120951300757835,
      0.12895354368634773,
      0.13616064070073958,
      0.1430672902080772,
      0.1499628895012649,
      0.15667181374823352,
      0.16338281160219484,
      0.1699009273204099,
      0.17626405779001056,
      0.18249127776091403,
      0.18873135584584227,
      0.19482640033853715,
      0.20091246170828272,
      0.20729971596238844,
      0.21367622255971608,
      0.22002467879469556,
      0.22645928631612833,
      0.23256929586797193,
      0.23898237187826835,
      0.24522745397568735,
      0.2513886692723569,
      0.2579180344193789,
      0.2643232942862848,
      0.27098461809790225,
      0.2773227674532325,
      0.28362201994934827,
      0.2896611123283304,
      0.2958644194051546,
      0.30183743289814874,
      0.3077342709196802,
      0.31380654469522373,
      0.31976076768529915,
      0.3257635018216183,
      0.33173591459735163,
      0.3373524346085941,
      0.3428489142170047,
      0.3484744400778416,
      0.35392353164386725,
      0.3593574427147773,
      0.36469215500346197,
      0.3700859570453548,
      0.3754585374026346,
      0.3806212114529182,
      0.38567939860984873,
      0.3907519443224036,
      0.3957178860137256,
      0.4006224234704084,
      0.40547076326511444,
      0.4102373704016174,
      0.4150512128441381,
      0.4198252181503039,
      0.42463763045472824,
      0.4295753606334637,
      0.4343395161100071,
      0.43909329381922163,
      0.44376123497037867,
      0.4484950345278646,
      0.45304346150079594,
      0.45772101207036664,
      0.4625448158949456,
      0.46741294807591527,
      0.4721382373879739,
      0.47706972961589245,
      0.48178823399644183,
      0.4866040183018834,
      0.4916080128274026,
      0.4966373241780186,
      0.5016470295943188,
      0.5066988677508429,
      0.5117651822142373,
      0.5168861164747485,
      0.522361427883472,
      0.5276806282857104,
      0.5332833505300846,
      0.5388844605973944,
      0.5447266698168024,
      0.5506875394136225,
      0.5567599580574654,
      0.5628916554182383,
      0.5693394534986289,
      0.5761331722086481,
      0.5830080849416505,
      0.5902848636008602,
      0.598080649507012,
      0.6062454431273385,
      0.6149484818579515,
      0.6240724520180905,
      0.6344423065669682,
      0.6454673524766451,
      0.6577712432541314,
      0.6711741984247852,
      0.6874594166028787,
      0.7066235841142753,
      0.7326768351758224,
      0.7741121985721382,
      1.0
    ],
    "target": [
      0.0,
      0.019,
      0.035,
      0.05,
      0.064,
      0.078,
      0.091,
      0.104,
      0.117,
      0.13,
      0.142,
      0.154,
      0.166,
      0.178,
      0.19,
      0.201,
      0.212,
      0.224,
      0.235,
      0.247,
      0.258,
      0.269,
      0.28,
      0.291,
      0.302,
      0.312,
      0.323,
      0.334,
      0.345,
      0.355,
      0.366,
      0.377,
      0.388,
      0.398,
      0.409,
      0.42,
      0.431,
      0.442,
      0.452,
      0.463,
      0.473,
      0.484,
      0.495,
      0.505,
      0.516,
      0.526,
      0.537,
      0.547,
      0.558,
      0.568,
      0.579,
      0.589,
      0.6,
      0.61,
      0.62,
      0.631,
      0.641,
      0.652,
      0.662,
      0.673,
      0.683,
      0.694,
      0.704,
      0.715,
      0.725,
      0.736,
      0.746,
      0.757,
      0.768,
      0.778,
      0.789,
      0.8,
      0.811,
      0.821,
      0.832,
      0.843,
      0.854,
      0.866,
      0.877,
      0.888,
      0.9,
      0.912,
      0.924,
      0.937,
      0.949,
      0.962,
      0.976,
      0.99,
      1.0,
      1.0,
      1.0,
      1.0,
      1.0,
      1.0,
      1.0,
      1.0,
      1.0,
      1.0,
      1.0,
      1.0,
      1.0
    ]
  },
  "pitch": {
    "power": 0.7,
    "weights": [
      1.17238221815892,
      1.468404736182406,
      1.010048357132497,
      0.748674933351298,
      1.059465118691669,
      0.7952681629956302,
      1.08420497914776,
      0.9268663511660705,
      0.9114466389805137,
      1.0237810498436535,
      0.7495549457562749,
      1.0499025085933074
    ],
    "normalize": "l1"
  },
  "config": {
    "segmentation": {
      "min_segment_duration": 0.25,
      "novelty_smoothing": 8,
      "peak_threshold": 0.3,
      "peak_prominence": 0.2,
      "max_segments_per_second": 2.5,
      "beat_snap_tolerance": 0.12
    },
    "features": {
      "sample_rate": 44100,
      "frame_size": 2048,
      "hop_size": 512
    },
    "tatums_per_beat": 2,
    "time_signature": 4
  }
}